"member name","member address","member phone","member age","member card number"
"Marissa Santiago","77344 Matthew Bridge, Austin, TX 35796","512-310-4353","56","ID00001"
"Destiny Cordova","683 Stephens Centers, Austin, TX 10203","512-965-8078","32","ID00002"
"Adam Davies","7145 Page Villages, Austin, TX 84534","512-718-3970","2","ID00003"
"Nichole Ayers","8764 Paula Course, Austin, TX 58070","512-464-8386","70","ID00004"
"Jeffrey Murillo","757 Selena Court, Austin, TX 37041","512-184-3697","85","ID00005"
"Paul Gonzalez","5967 Linda Branch, Austin, TX 32215","512-509-6360","80","ID00006"
"Kyle Scott","003 Perez View, Austin, TX 07703","512-873-7039","2","ID00007"
"Corey Hammond","10788 Jessica Fords, Austin, TX 07366","512-524-2929","75","ID00008"
"Heather Rivera","298 Kelly Mews, Austin, TX 99173","512-395-3612","48","ID00009"
"Carl Solis","715 Eaton Island, Austin, TX 04534","512-634-5314","50","ID00010"
"Jared Massey","85333 Jill Bypass, Austin, TX 92566","512-388-8567","33","ID00011"
"Suzanne Mcclure","4670 Deborah Trail, Austin, TX 04004","512-120-2148","34","ID00012"
"Chelsea Duffy","764 Adams Locks, Austin, TX 96067","512-154-1185","81","ID00013"
"Kelsey Cole","664 Travis Ridge, Austin, TX 87733","512-377-6812","54","ID00014"
"Nicole Anderson","91550 Ryan Hill, Austin, TX 20354","512-194-8069","32","ID00015"
"Levi Austin","0850 Eric Club, Austin, TX 40279","512-979-1323","33","ID00016"
"Kenneth Morgan","984 King Forest, Austin, TX 27443","512-720-2446","18","ID00017"
"Vanessa Burton","9399 Burnett Way, Austin, TX 12385","512-811-8955","64","ID00018"
"Jesse Mathis","4780 Huynh Cliff, Austin, TX 08376","512-769-4437","29","ID00019"
"Sherri Carr","44896 Curtis Locks, Austin, TX 42765","512-591-4788","36","ID00020"
"Sean Brown","77208 Andrews Well, Austin, TX 36262","512-794-5925","65","ID00021"
"Robert West","3204 Baker Parks, Austin, TX 08874","512-150-3207","50","ID00022"
"James Carroll","12903 Deanna Ridge, Austin, TX 81020","512-786-3127","15","ID00023"
"Charles Williams","0648 Woods Keys, Austin, TX 60934","512-864-5262","19","ID00024"
"Deanna Webb","16677 Green Mount, Austin, TX 66351","512-430-8353","13","ID00025"
"Meghan Flores","27570 Rhodes Hills, Austin, TX 74762","512-882-1444","67","ID00026"
"Jason Mason","6840 Kenneth Roads, Austin, TX 83381","512-122-9540","83","ID00027"
"Stephen Gonzales","83813 Mccoy Forest, Austin, TX 80063","512-640-6236","88","ID00028"
"David Watson","834 Martin Forge, Austin, TX 29097","512-473-1096","20","ID00029"
"Juan Padilla","5767 Noah Drives, Austin, TX 28884","512-720-3998","36","ID00030"
"Sarah Clark","20483 Garcia Alley, Austin, TX 28732","512-222-9034","10","ID00031"
"Rachel Burgess","28696 Kaitlyn Spur, Austin, TX 07133","512-599-8301","33","ID00032"
"Billy Cardenas","428 Fernandez Cape, Austin, TX 80335","512-330-6356","47","ID00033"
"Shane Harvey","1492 Harris Prairie, Austin, TX 60814","512-316-5301","82","ID00034"
"Jennifer Cox","770 William Views, Austin, TX 79967","512-300-5026","35","ID00035"
"Anthony Peters","6054 Jackson Hills, Austin, TX 32662","512-967-1704","73","ID00036"
"Rebecca Stanley","362 Reynolds Knolls, Austin, TX 38312","512-818-8411","61","ID00037"
"Angela Gonzalez","548 Tapia Club, Austin, TX 91268","512-671-3537","9","ID00038"
"Robin Lewis","878 Duke Glens, Austin, TX 06165","512-991-4535","53","ID00039"
"Rachel Fitzgerald","9658 Haley Square, Austin, TX 96294","512-691-7751","72","ID00040"
"Linda Green","54320 Coleman Path, Austin, TX 77420","512-627-7624","62","ID00041"
"Christopher Torres","787 Jeffrey Wall, Austin, TX 62457","512-206-7346","45","ID00042"
"Robin Harrison","226 Christopher Roads, Austin, TX 95260","512-668-2632","17","ID00043"
"Cindy Murphy","845 Jessica Alley, Austin, TX 82681","512-738-3788","87","ID00044"
"Michelle Brown","380 Morris Trafficway, Austin, TX 95459","512-971-6524","65","ID00045"
"Juan Moreno","58346 Randy Drive, Austin, TX 61622","512-215-7606","7","ID00046"
"Cody Valencia","86716 Anna Valley, Austin, TX 69158","512-152-7762","69","ID00047"
"Angel Hooper","32089 Reed Glens, Austin, TX 08018","512-873-1067","48","ID00048"
"Emily Dunn","950 Kimberly Light, Austin, TX 98223","512-671-5182","86","ID00049"
"Ricardo Walker","34212 Quinn Tunnel, Austin, TX 31524","512-897-7584","4","ID00050"
"Brandon Lee","75057 Herrera Stream, Austin, TX 86638","512-185-6462","58","ID00051"
"Gregory Lopez","4073 Hernandez Stravenue, Austin, TX 84090","512-504-9849","87","ID00052"
"Shannon Gilmore","3873 Stephanie Manors, Austin, TX 29474","512-231-1261","68","ID00053"
"Anna Villegas","26924 Arnold Dale, Austin, TX 52690","512-619-9870","40","ID00054"
"Kristin Mejia","066 Alexander Prairie, Austin, TX 27259","512-988-4941","25","ID00055"
"Sarah Wheeler","48939 Aaron Harbors, Austin, TX 11951","512-890-7894","2","ID00056"
"Alexander Watts","997 Thompson Field, Austin, TX 66087","512-824-5291","79","ID00057"
"Karen Barnes","3704 Miller Spur, Austin, TX 51258","512-452-7183","43","ID00058"
"Charles Tucker","4485 Rodriguez Rapid, Austin, TX 78509","512-173-2462","34","ID00059"
"Travis Martin","9556 Yoder Canyon, Austin, TX 25976","512-321-6160","35","ID00060"
"Randy Peterson","3708 Hayes Motorway, Austin, TX 03310","512-290-9929","29","ID00061"
"Anna Morris","8594 Anderson Radial, Austin, TX 32179","512-910-8754","54","ID00062"
"Nicole Peterson","252 Brown Course, Austin, TX 27284","512-988-6128","80","ID00063"
"Anna Acevedo","884 Thomas Throughway, Austin, TX 45705","512-185-2091","77","ID00064"
"Jacob Walker","638 Marvin Club, Austin, TX 50060","512-568-4325","81","ID00065"
"Andrew Harrison","30711 Kelsey Canyon, Austin, TX 05549","512-301-1756","37","ID00066"
"Amber Anthony","852 Kendra Club, Austin, TX 42260","512-147-5730","3","ID00067"
"Amanda Nelson","62127 Ricardo Drive, Austin, TX 69941","512-597-2830","57","ID00068"
"Kenneth Adams","8485 Sims Ports, Austin, TX 89606","512-716-5544","72","ID00069"
"Eric Boyer","655 Meghan Roads, Austin, TX 14444","512-511-5133","61","ID00070"
"Kenneth Salazar","78849 Crawford Vista, Austin, TX 12485","512-797-5623","8","ID00071"
"Karen Flores","59617 Williams Falls, Austin, TX 29056","512-883-1027","8","ID00072"
"Taylor Gonzales","304 Stephanie Union, Austin, TX 79493","512-294-4096","87","ID00073"
"Joseph Massey","915 Jones Road, Austin, TX 55027","512-661-8908","49","ID00074"
"Joe Willis","80666 Allen Lodge, Austin, TX 89387","512-924-7845","85","ID00075"
"James Mueller","113 Adams Land, Austin, TX 48137","512-977-8793","85","ID00076"
"John Lopez","33579 Todd Well, Austin, TX 18767","512-268-7750","27","ID00077"
"Adam Willis","35798 Anderson Parkways, Austin, TX 63903","512-562-1089","50","ID00078"
"Erica Wade","610 Erica Avenue, Austin, TX 42537","512-208-4077","83","ID00079"
"Jason Horn","58234 Smith Lights, Austin, TX 23197","512-994-6409","10","ID00080"
"Justin Edwards","163 Anderson Road, Austin, TX 42785","512-971-6279","77","ID00081"
"Brandon Stevenson","2429 Jordan Points, Austin, TX 34851","512-548-6812","75","ID00082"
"Terrance Brown","10956 Miller Vista, Austin, TX 56574","512-300-4436","11","ID00083"
"Jennifer Scott","01147 Kline Flat, Austin, TX 80909","512-504-4389","71","ID00084"
"Debra Carter","617 Cole Fork, Austin, TX 18615","512-466-6749","21","ID00085"
"Michael Ramirez","1384 Jason Meadow, Austin, TX 61876","512-258-4171","58","ID00086"
"Ashley Armstrong","973 Joseph Garden, Austin, TX 72603","512-476-1857","26","ID00087"
"Danny Smith","0064 Levy Estates, Austin, TX 40303","512-329-5811","13","ID00088"
"Kimberly Sutton","828 Castro Green, Austin, TX 69796","512-770-9770","84","ID00089"
"Gregory Walker","139 Christopher Dale, Austin, TX 47697","512-247-9948","18","ID00090"
"Donna Rodriguez","7174 Cortez Lakes, Austin, TX 03752","512-645-5872","45","ID00091"
"Stephanie Copeland","2748 Daniel Road, Austin, TX 38062","512-302-8326","17","ID00092"
"Carlos Acevedo","40076 Robert Square, Austin, TX 23314","512-310-2238","69","ID00093"
"Nathan Mcpherson","0175 Castaneda Skyway, Austin, TX 51500","512-840-2230","42","ID00094"
"Lori Foster","379 Randall Estates, Austin, TX 32023","512-612-8284","69","ID00095"
"Samantha Larson","01640 Michael Fords, Austin, TX 24770","512-953-2216","5","ID00096"
"Paula Bennett","2010 Steele Burg, Austin, TX 59660","512-993-3529","39","ID00097"
"Amber Reynolds","735 Hawkins Stravenue, Austin, TX 75914","512-906-1316","11","ID00098"
"Martin Zimmerman","143 Danielle Rapids, Austin, TX 98092","512-318-5687","9","ID00099"
"Denise Weaver","4082 Jacqueline Spurs, Austin, TX 68467","512-428-7061","74","ID00100"
"Marissa Santiago","77344 Matthew Bridge, Austin, TX 35796","512-310-4353","56","","ID00001"
"Destiny Cordova","683 Stephens Centers, Austin, TX 10203","512-965-8078","32","","ID00002"
"Adam Davies","7145 Page Villages, Austin, TX 84534","512-718-3970","2","","ID00003"
"Nichole Ayers","8764 Paula Course, Austin, TX 58070","512-464-8386","70","","ID00004"
"Jeffrey Murillo","757 Selena Court, Austin, TX 37041","512-184-3697","85","","ID00005"
"Paul Gonzalez","5967 Linda Branch, Austin, TX 32215","512-509-6360","80","","ID00006"
"Kyle Scott","003 Perez View, Austin, TX 07703","512-873-7039","2","","ID00007"
"Corey Hammond","10788 Jessica Fords, Austin, TX 07366","512-524-2929","75","","ID00008"
"Heather Rivera","298 Kelly Mews, Austin, TX 99173","512-395-3612","48","","ID00009"
"Carl Solis","715 Eaton Island, Austin, TX 04534","512-634-5314","50","","ID00010"
"Jared Massey","85333 Jill Bypass, Austin, TX 92566","512-388-8567","33","","ID00011"
"Suzanne Mcclure","4670 Deborah Trail, Austin, TX 04004","512-120-2148","34","","ID00012"
"Chelsea Duffy","764 Adams Locks, Austin, TX 96067","512-154-1185","81","","ID00013"
"Kelsey Cole","664 Travis Ridge, Austin, TX 87733","512-377-6812","54","","ID00014"
"Nicole Anderson","91550 Ryan Hill, Austin, TX 20354","512-194-8069","32","","ID00015"
"Levi Austin","0850 Eric Club, Austin, TX 40279","512-979-1323","33","","ID00016"
"Kenneth Morgan","984 King Forest, Austin, TX 27443","512-720-2446","18","","ID00017"
"Vanessa Burton","9399 Burnett Way, Austin, TX 12385","512-811-8955","64","","ID00018"
"Jesse Mathis","4780 Huynh Cliff, Austin, TX 08376","512-769-4437","29","","ID00019"
"Sherri Carr","44896 Curtis Locks, Austin, TX 42765","512-591-4788","36","","ID00020"
"Sean Brown","77208 Andrews Well, Austin, TX 36262","512-794-5925","65","","ID00021"
"Robert West","3204 Baker Parks, Austin, TX 08874","512-150-3207","50","","ID00022"
"James Carroll","12903 Deanna Ridge, Austin, TX 81020","512-786-3127","15","","ID00023"
"Charles Williams","0648 Woods Keys, Austin, TX 60934","512-864-5262","19","","ID00024"
"Deanna Webb","16677 Green Mount, Austin, TX 66351","512-430-8353","13","","ID00025"
"Meghan Flores","27570 Rhodes Hills, Austin, TX 74762","512-882-1444","67","","ID00026"
"Jason Mason","6840 Kenneth Roads, Austin, TX 83381","512-122-9540","83","","ID00027"
"Stephen Gonzales","83813 Mccoy Forest, Austin, TX 80063","512-640-6236","88","","ID00028"
"David Watson","834 Martin Forge, Austin, TX 29097","512-473-1096","20","","ID00029"
"Juan Padilla","5767 Noah Drives, Austin, TX 28884","512-720-3998","36","","ID00030"
"Sarah Clark","20483 Garcia Alley, Austin, TX 28732","512-222-9034","10","","ID00031"
"Rachel Burgess","28696 Kaitlyn Spur, Austin, TX 07133","512-599-8301","33","","ID00032"
"Billy Cardenas","428 Fernandez Cape, Austin, TX 80335","512-330-6356","47","","ID00033"
"Shane Harvey","1492 Harris Prairie, Austin, TX 60814","512-316-5301","82","","ID00034"
"Jennifer Cox","770 William Views, Austin, TX 79967","512-300-5026","35","","ID00035"
"Anthony Peters","6054 Jackson Hills, Austin, TX 32662","512-967-1704","73","","ID00036"
"Rebecca Stanley","362 Reynolds Knolls, Austin, TX 38312","512-818-8411","61","","ID00037"
"Angela Gonzalez","548 Tapia Club, Austin, TX 91268","512-671-3537","9","","ID00038"
"Robin Lewis","878 Duke Glens, Austin, TX 06165","512-991-4535","53","","ID00039"
"Rachel Fitzgerald","9658 Haley Square, Austin, TX 96294","512-691-7751","72","","ID00040"
"Linda Green","54320 Coleman Path, Austin, TX 77420","512-627-7624","62","","ID00041"
"Christopher Torres","787 Jeffrey Wall, Austin, TX 62457","512-206-7346","45","","ID00042"
"Robin Harrison","226 Christopher Roads, Austin, TX 95260","512-668-2632","17","","ID00043"
"Cindy Murphy","845 Jessica Alley, Austin, TX 82681","512-738-3788","87","","ID00044"
"Michelle Brown","380 Morris Trafficway, Austin, TX 95459","512-971-6524","65","","ID00045"
"Juan Moreno","58346 Randy Drive, Austin, TX 61622","512-215-7606","7","","ID00046"
"Cody Valencia","86716 Anna Valley, Austin, TX 69158","512-152-7762","69","","ID00047"
"Angel Hooper","32089 Reed Glens, Austin, TX 08018","512-873-1067","48","","ID00048"
"Emily Dunn","950 Kimberly Light, Austin, TX 98223","512-671-5182","86","","ID00049"
"Ricardo Walker","34212 Quinn Tunnel, Austin, TX 31524","512-897-7584","4","","ID00050"
"Brandon Lee","75057 Herrera Stream, Austin, TX 86638","512-185-6462","58","","ID00051"
"Gregory Lopez","4073 Hernandez Stravenue, Austin, TX 84090","512-504-9849","87","","ID00052"
"Shannon Gilmore","3873 Stephanie Manors, Austin, TX 29474","512-231-1261","68","","ID00053"
"Anna Villegas","26924 Arnold Dale, Austin, TX 52690","512-619-9870","40","","ID00054"
"Kristin Mejia","066 Alexander Prairie, Austin, TX 27259","512-988-4941","25","","ID00055"
"Sarah Wheeler","48939 Aaron Harbors, Austin, TX 11951","512-890-7894","2","","ID00056"
"Alexander Watts","997 Thompson Field, Austin, TX 66087","512-824-5291","79","","ID00057"
"Karen Barnes","3704 Miller Spur, Austin, TX 51258","512-452-7183","43","","ID00058"
"Charles Tucker","4485 Rodriguez Rapid, Austin, TX 78509","512-173-2462","34","","ID00059"
"Travis Martin","9556 Yoder Canyon, Austin, TX 25976","512-321-6160","35","","ID00060"
"Randy Peterson","3708 Hayes Motorway, Austin, TX 03310","512-290-9929","29","","ID00061"
"Anna Morris","8594 Anderson Radial, Austin, TX 32179","512-910-8754","54","","ID00062"
"Nicole Peterson","252 Brown Course, Austin, TX 27284","512-988-6128","80","","ID00063"
"Anna Acevedo","884 Thomas Throughway, Austin, TX 45705","512-185-2091","77","","ID00064"
"Jacob Walker","638 Marvin Club, Austin, TX 50060","512-568-4325","81","","ID00065"
"Andrew Harrison","30711 Kelsey Canyon, Austin, TX 05549","512-301-1756","37","","ID00066"
"Amber Anthony","852 Kendra Club, Austin, TX 42260","512-147-5730","3","","ID00067"
"Amanda Nelson","62127 Ricardo Drive, Austin, TX 69941","512-597-2830","57","","ID00068"
"Kenneth Adams","8485 Sims Ports, Austin, TX 89606","512-716-5544","72","","ID00069"
"Eric Boyer","655 Meghan Roads, Austin, TX 14444","512-511-5133","61","","ID00070"
"Kenneth Salazar","78849 Crawford Vista, Austin, TX 12485","512-797-5623","8","","ID00071"
"Karen Flores","59617 Williams Falls, Austin, TX 29056","512-883-1027","8","","ID00072"
"Taylor Gonzales","304 Stephanie Union, Austin, TX 79493","512-294-4096","87","","ID00073"
"Joseph Massey","915 Jones Road, Austin, TX 55027","512-661-8908","49","","ID00074"
"Joe Willis","80666 Allen Lodge, Austin, TX 89387","512-924-7845","85","","ID00075"
"James Mueller","113 Adams Land, Austin, TX 48137","512-977-8793","85","","ID00076"
"John Lopez","33579 Todd Well, Austin, TX 18767","512-268-7750","27","","ID00077"
"Adam Willis","35798 Anderson Parkways, Austin, TX 63903","512-562-1089","50","","ID00078"
"Erica Wade","610 Erica Avenue, Austin, TX 42537","512-208-4077","83","","ID00079"
"Jason Horn","58234 Smith Lights, Austin, TX 23197","512-994-6409","10","","ID00080"
"Justin Edwards","163 Anderson Road, Austin, TX 42785","512-971-6279","77","","ID00081"
"Brandon Stevenson","2429 Jordan Points, Austin, TX 34851","512-548-6812","75","","ID00082"
"Terrance Brown","10956 Miller Vista, Austin, TX 56574","512-300-4436","11","","ID00083"
"Jennifer Scott","01147 Kline Flat, Austin, TX 80909","512-504-4389","71","","ID00084"
"Debra Carter","617 Cole Fork, Austin, TX 18615","512-466-6749","21","","ID00085"
"Michael Ramirez","1384 Jason Meadow, Austin, TX 61876","512-258-4171","58","","ID00086"
"Ashley Armstrong","973 Joseph Garden, Austin, TX 72603","512-476-1857","26","","ID00087"
"Danny Smith","0064 Levy Estates, Austin, TX 40303","512-329-5811","13","","ID00088"
"Kimberly Sutton","828 Castro Green, Austin, TX 69796","512-770-9770","84","","ID00089"
"Gregory Walker","139 Christopher Dale, Austin, TX 47697","512-247-9948","18","","ID00090"
"Donna Rodriguez","7174 Cortez Lakes, Austin, TX 03752","512-645-5872","45","","ID00091"
"Stephanie Copeland","2748 Daniel Road, Austin, TX 38062","512-302-8326","17","","ID00092"
"Carlos Acevedo","40076 Robert Square, Austin, TX 23314","512-310-2238","69","","ID00093"
"Nathan Mcpherson","0175 Castaneda Skyway, Austin, TX 51500","512-840-2230","42","","ID00094"
"Lori Foster","379 Randall Estates, Austin, TX 32023","512-612-8284","69","","ID00095"
"Samantha Larson","01640 Michael Fords, Austin, TX 24770","512-953-2216","5","","ID00096"
"Paula Bennett","2010 Steele Burg, Austin, TX 59660","512-993-3529","39","","ID00097"
"Amber Reynolds","735 Hawkins Stravenue, Austin, TX 75914","512-906-1316","11","","ID00098"
"Martin Zimmerman","143 Danielle Rapids, Austin, TX 98092","512-318-5687","9","","ID00099"
"Denise Weaver","4082 Jacqueline Spurs, Austin, TX 68467","512-428-7061","74","","ID00100"
"Marissa Santiago","77344 Matthew Bridge, Austin, TX 35796","512-310-4353","56",,"ID00001"
"Destiny Cordova","683 Stephens Centers, Austin, TX 10203","512-965-8078","32",,"ID00002"
"Adam Davies","7145 Page Villages, Austin, TX 84534","512-718-3970","2",,"ID00003"
"Nichole Ayers","8764 Paula Course, Austin, TX 58070","512-464-8386","70",,"ID00004"
"Jeffrey Murillo","757 Selena Court, Austin, TX 37041","512-184-3697","85",,"ID00005"
"Paul Gonzalez","5967 Linda Branch, Austin, TX 32215","512-509-6360","80",,"ID00006"
"Kyle Scott","003 Perez View, Austin, TX 07703","512-873-7039","2",,"ID00007"
"Corey Hammond","10788 Jessica Fords, Austin, TX 07366","512-524-2929","75",,"ID00008"
"Heather Rivera","298 Kelly Mews, Austin, TX 99173","512-395-3612","48",,"ID00009"
"Carl Solis","715 Eaton Island, Austin, TX 04534","512-634-5314","50",,"ID00010"
"Jared Massey","85333 Jill Bypass, Austin, TX 92566","512-388-8567","33",,"ID00011"
"Suzanne Mcclure","4670 Deborah Trail, Austin, TX 04004","512-120-2148","34",,"ID00012"
"Chelsea Duffy","764 Adams Locks, Austin, TX 96067","512-154-1185","81",,"ID00013"
"Kelsey Cole","664 Travis Ridge, Austin, TX 87733","512-377-6812","54",,"ID00014"
"Nicole Anderson","91550 Ryan Hill, Austin, TX 20354","512-194-8069","32",,"ID00015"
"Levi Austin","0850 Eric Club, Austin, TX 40279","512-979-1323","33",,"ID00016"
"Kenneth Morgan","984 King Forest, Austin, TX 27443","512-720-2446","18",,"ID00017"
"Vanessa Burton","9399 Burnett Way, Austin, TX 12385","512-811-8955","64",,"ID00018"
"Jesse Mathis","4780 Huynh Cliff, Austin, TX 08376","512-769-4437","29",,"ID00019"
"Sherri Carr","44896 Curtis Locks, Austin, TX 42765","512-591-4788","36",,"ID00020"
"Sean Brown","77208 Andrews Well, Austin, TX 36262","512-794-5925","65",,"ID00021"
"Robert West","3204 Baker Parks, Austin, TX 08874","512-150-3207","50",,"ID00022"
"James Carroll","12903 Deanna Ridge, Austin, TX 81020","512-786-3127","15",,"ID00023"
"Charles Williams","0648 Woods Keys, Austin, TX 60934","512-864-5262","19",,"ID00024"
"Deanna Webb","16677 Green Mount, Austin, TX 66351","512-430-8353","13",,"ID00025"
"Meghan Flores","27570 Rhodes Hills, Austin, TX 74762","512-882-1444","67",,"ID00026"
"Jason Mason","6840 Kenneth Roads, Austin, TX 83381","512-122-9540","83",,"ID00027"
"Stephen Gonzales","83813 Mccoy Forest, Austin, TX 80063","512-640-6236","88",,"ID00028"
"David Watson","834 Martin Forge, Austin, TX 29097","512-473-1096","20",,"ID00029"
"Juan Padilla","5767 Noah Drives, Austin, TX 28884","512-720-3998","36",,"ID00030"
"Sarah Clark","20483 Garcia Alley, Austin, TX 28732","512-222-9034","10",,"ID00031"
"Rachel Burgess","28696 Kaitlyn Spur, Austin, TX 07133","512-599-8301","33",,"ID00032"
"Billy Cardenas","428 Fernandez Cape, Austin, TX 80335","512-330-6356","47",,"ID00033"
"Shane Harvey","1492 Harris Prairie, Austin, TX 60814","512-316-5301","82",,"ID00034"
"Jennifer Cox","770 William Views, Austin, TX 79967","512-300-5026","35",,"ID00035"
"Anthony Peters","6054 Jackson Hills, Austin, TX 32662","512-967-1704","73",,"ID00036"
"Rebecca Stanley","362 Reynolds Knolls, Austin, TX 38312","512-818-8411","61",,"ID00037"
"Angela Gonzalez","548 Tapia Club, Austin, TX 91268","512-671-3537","9",,"ID00038"
"Robin Lewis","878 Duke Glens, Austin, TX 06165","512-991-4535","53",,"ID00039"
"Rachel Fitzgerald","9658 Haley Square, Austin, TX 96294","512-691-7751","72",,"ID00040"
"Linda Green","54320 Coleman Path, Austin, TX 77420","512-627-7624","62",,"ID00041"
"Christopher Torres","787 Jeffrey Wall, Austin, TX 62457","512-206-7346","45",,"ID00042"
"Robin Harrison","226 Christopher Roads, Austin, TX 95260","512-668-2632","17",,"ID00043"
"Cindy Murphy","845 Jessica Alley, Austin, TX 82681","512-738-3788","87",,"ID00044"
"Michelle Brown","380 Morris Trafficway, Austin, TX 95459","512-971-6524","65",,"ID00045"
"Juan Moreno","58346 Randy Drive, Austin, TX 61622","512-215-7606","7",,"ID00046"
"Cody Valencia","86716 Anna Valley, Austin, TX 69158","512-152-7762","69",,"ID00047"
"Angel Hooper","32089 Reed Glens, Austin, TX 08018","512-873-1067","48",,"ID00048"
"Emily Dunn","950 Kimberly Light, Austin, TX 98223","512-671-5182","86",,"ID00049"
"Ricardo Walker","34212 Quinn Tunnel, Austin, TX 31524","512-897-7584","4",,"ID00050"
"Brandon Lee","75057 Herrera Stream, Austin, TX 86638","512-185-6462","58",,"ID00051"
"Gregory Lopez","4073 Hernandez Stravenue, Austin, TX 84090","512-504-9849","87",,"ID00052"
"Shannon Gilmore","3873 Stephanie Manors, Austin, TX 29474","512-231-1261","68",,"ID00053"
"Anna Villegas","26924 Arnold Dale, Austin, TX 52690","512-619-9870","40",,"ID00054"
"Kristin Mejia","066 Alexander Prairie, Austin, TX 27259","512-988-4941","25",,"ID00055"
"Sarah Wheeler","48939 Aaron Harbors, Austin, TX 11951","512-890-7894","2",,"ID00056"
"Alexander Watts","997 Thompson Field, Austin, TX 66087","512-824-5291","79",,"ID00057"
"Karen Barnes","3704 Miller Spur, Austin, TX 51258","512-452-7183","43",,"ID00058"
"Charles Tucker","4485 Rodriguez Rapid, Austin, TX 78509","512-173-2462","34",,"ID00059"
"Travis Martin","9556 Yoder Canyon, Austin, TX 25976","512-321-6160","35",,"ID00060"
"Randy Peterson","3708 Hayes Motorway, Austin, TX 03310","512-290-9929","29",,"ID00061"
"Anna Morris","8594 Anderson Radial, Austin, TX 32179","512-910-8754","54",,"ID00062"
"Nicole Peterson","252 Brown Course, Austin, TX 27284","512-988-6128","80",,"ID00063"
"Anna Acevedo","884 Thomas Throughway, Austin, TX 45705","512-185-2091","77",,"ID00064"
"Jacob Walker","638 Marvin Club, Austin, TX 50060","512-568-4325","81",,"ID00065"
"Andrew Harrison","30711 Kelsey Canyon, Austin, TX 05549","512-301-1756","37",,"ID00066"
"Amber Anthony","852 Kendra Club, Austin, TX 42260","512-147-5730","3",,"ID00067"
"Amanda Nelson","62127 Ricardo Drive, Austin, TX 69941","512-597-2830","57",,"ID00068"
"Kenneth Adams","8485 Sims Ports, Austin, TX 89606","512-716-5544","72",,"ID00069"
"Eric Boyer","655 Meghan Roads, Austin, TX 14444","512-511-5133","61",,"ID00070"
"Kenneth Salazar","78849 Crawford Vista, Austin, TX 12485","512-797-5623","8",,"ID00071"
"Karen Flores","59617 Williams Falls, Austin, TX 29056","512-883-1027","8",,"ID00072"
"Taylor Gonzales","304 Stephanie Union, Austin, TX 79493","512-294-4096","87",,"ID00073"
"Joseph Massey","915 Jones Road, Austin, TX 55027","512-661-8908","49",,"ID00074"
"Joe Willis","80666 Allen Lodge, Austin, TX 89387","512-924-7845","85",,"ID00075"
"James Mueller","113 Adams Land, Austin, TX 48137","512-977-8793","85",,"ID00076"
"John Lopez","33579 Todd Well, Austin, TX 18767","512-268-7750","27",,"ID00077"
"Adam Willis","35798 Anderson Parkways, Austin, TX 63903","512-562-1089","50",,"ID00078"
"Erica Wade","610 Erica Avenue, Austin, TX 42537","512-208-4077","83",,"ID00079"
"Jason Horn","58234 Smith Lights, Austin, TX 23197","512-994-6409","10",,"ID00080"
"Justin Edwards","163 Anderson Road, Austin, TX 42785","512-971-6279","77",,"ID00081"
"Brandon Stevenson","2429 Jordan Points, Austin, TX 34851","512-548-6812","75",,"ID00082"
"Terrance Brown","10956 Miller Vista, Austin, TX 56574","512-300-4436","11",,"ID00083"
"Jennifer Scott","01147 Kline Flat, Austin, TX 80909","512-504-4389","71",,"ID00084"
"Debra Carter","617 Cole Fork, Austin, TX 18615","512-466-6749","21",,"ID00085"
"Michael Ramirez","1384 Jason Meadow, Austin, TX 61876","512-258-4171","58",,"ID00086"
"Ashley Armstrong","973 Joseph Garden, Austin, TX 72603","512-476-1857","26",,"ID00087"
"Danny Smith","0064 Levy Estates, Austin, TX 40303","512-329-5811","13",,"ID00088"
"Kimberly Sutton","828 Castro Green, Austin, TX 69796","512-770-9770","84",,"ID00089"
"Gregory Walker","139 Christopher Dale, Austin, TX 47697","512-247-9948","18",,"ID00090"
"Donna Rodriguez","7174 Cortez Lakes, Austin, TX 03752","512-645-5872","45",,"ID00091"
"Stephanie Copeland","2748 Daniel Road, Austin, TX 38062","512-302-8326","17",,"ID00092"
"Carlos Acevedo","40076 Robert Square, Austin, TX 23314","512-310-2238","69",,"ID00093"
"Nathan Mcpherson","0175 Castaneda Skyway, Austin, TX 51500","512-840-2230","42",,"ID00094"
"Lori Foster","379 Randall Estates, Austin, TX 32023","512-612-8284","69",,"ID00095"
"Samantha Larson","01640 Michael Fords, Austin, TX 24770","512-953-2216","5",,"ID00096"
"Paula Bennett","2010 Steele Burg, Austin, TX 59660","512-993-3529","39",,"ID00097"
"Amber Reynolds","735 Hawkins Stravenue, Austin, TX 75914","512-906-1316","11",,"ID00098"
"Martin Zimmerman","143 Danielle Rapids, Austin, TX 98092","512-318-5687","9",,"ID00099"
"Denise Weaver","4082 Jacqueline Spurs, Austin, TX 68467","512-428-7061","74",,"ID00100"
"Marissa Santiago","77344 Matthew Bridge, Austin, TX 35796","512-310-4353","56",,""
"Destiny Cordova","683 Stephens Centers, Austin, TX 10203","512-965-8078","32",,""
"Adam Davies","7145 Page Villages, Austin, TX 84534","512-718-3970","2",,""
"Nichole Ayers","8764 Paula Course, Austin, TX 58070","512-464-8386","70",,""
"Jeffrey Murillo","757 Selena Court, Austin, TX 37041","512-184-3697","85",,""
"Paul Gonzalez","5967 Linda Branch, Austin, TX 32215","512-509-6360","80",,""
"Kyle Scott","003 Perez View, Austin, TX 07703","512-873-7039","2",,""
"Corey Hammond","10788 Jessica Fords, Austin, TX 07366","512-524-2929","75",,""
"Heather Rivera","298 Kelly Mews, Austin, TX 99173","512-395-3612","48",,""
"Carl Solis","715 Eaton Island, Austin, TX 04534","512-634-5314","50",,""
"Jared Massey","85333 Jill Bypass, Austin, TX 92566","512-388-8567","33",,""
"Suzanne Mcclure","4670 Deborah Trail, Austin, TX 04004","512-120-2148","34",,""
"Chelsea Duffy","764 Adams Locks, Austin, TX 96067","512-154-1185","81",,""
"Kelsey Cole","664 Travis Ridge, Austin, TX 87733","512-377-6812","54",,""
"Nicole Anderson","91550 Ryan Hill, Austin, TX 20354","512-194-8069","32",,""
"Levi Austin","0850 Eric Club, Austin, TX 40279","512-979-1323","33",,""
"Kenneth Morgan","984 King Forest, Austin, TX 27443","512-720-2446","18",,""
"Vanessa Burton","9399 Burnett Way, Austin, TX 12385","512-811-8955","64",,""
"Jesse Mathis","4780 Huynh Cliff, Austin, TX 08376","512-769-4437","29",,""
"Sherri Carr","44896 Curtis Locks, Austin, TX 42765","512-591-4788","36",,""
"Sean Brown","77208 Andrews Well, Austin, TX 36262","512-794-5925","65",,""
"Robert West","3204 Baker Parks, Austin, TX 08874","512-150-3207","50",,""
"James Carroll","12903 Deanna Ridge, Austin, TX 81020","512-786-3127","15",,""
"Charles Williams","0648 Woods Keys, Austin, TX 60934","512-864-5262","19",,""
"Deanna Webb","16677 Green Mount, Austin, TX 66351","512-430-8353","13",,""
"Meghan Flores","27570 Rhodes Hills, Austin, TX 74762","512-882-1444","67",,""
"Jason Mason","6840 Kenneth Roads, Austin, TX 83381","512-122-9540","83",,""
"Stephen Gonzales","83813 Mccoy Forest, Austin, TX 80063","512-640-6236","88",,""
"David Watson","834 Martin Forge, Austin, TX 29097","512-473-1096","20",,""
"Juan Padilla","5767 Noah Drives, Austin, TX 28884","512-720-3998","36",,""
"Sarah Clark","20483 Garcia Alley, Austin, TX 28732","512-222-9034","10",,""
"Rachel Burgess","28696 Kaitlyn Spur, Austin, TX 07133","512-599-8301","33",,""
"Billy Cardenas","428 Fernandez Cape, Austin, TX 80335","512-330-6356","47",,""
"Shane Harvey","1492 Harris Prairie, Austin, TX 60814","512-316-5301","82",,""
"Jennifer Cox","770 William Views, Austin, TX 79967","512-300-5026","35",,""
"Anthony Peters","6054 Jackson Hills, Austin, TX 32662","512-967-1704","73",,""
"Rebecca Stanley","362 Reynolds Knolls, Austin, TX 38312","512-818-8411","61",,""
"Angela Gonzalez","548 Tapia Club, Austin, TX 91268","512-671-3537","9",,""
"Robin Lewis","878 Duke Glens, Austin, TX 06165","512-991-4535","53",,""
"Rachel Fitzgerald","9658 Haley Square, Austin, TX 96294","512-691-7751","72",,""
"Linda Green","54320 Coleman Path, Austin, TX 77420","512-627-7624","62",,""
"Christopher Torres","787 Jeffrey Wall, Austin, TX 62457","512-206-7346","45",,""
"Robin Harrison","226 Christopher Roads, Austin, TX 95260","512-668-2632","17",,""
"Cindy Murphy","845 Jessica Alley, Austin, TX 82681","512-738-3788","87",,""
"Michelle Brown","380 Morris Trafficway, Austin, TX 95459","512-971-6524","65",,""
"Juan Moreno","58346 Randy Drive, Austin, TX 61622","512-215-7606","7",,""
"Cody Valencia","86716 Anna Valley, Austin, TX 69158","512-152-7762","69",,""
"Angel Hooper","32089 Reed Glens, Austin, TX 08018","512-873-1067","48",,""
"Emily Dunn","950 Kimberly Light, Austin, TX 98223","512-671-5182","86",,""
"Ricardo Walker","34212 Quinn Tunnel, Austin, TX 31524","512-897-7584","4",,""
"Brandon Lee","75057 Herrera Stream, Austin, TX 86638","512-185-6462","58",,""
"Gregory Lopez","4073 Hernandez Stravenue, Austin, TX 84090","512-504-9849","87",,""
"Shannon Gilmore","3873 Stephanie Manors, Austin, TX 29474","512-231-1261","68",,""
"Anna Villegas","26924 Arnold Dale, Austin, TX 52690","512-619-9870","40",,""
"Kristin Mejia","066 Alexander Prairie, Austin, TX 27259","512-988-4941","25",,""
"Sarah Wheeler","48939 Aaron Harbors, Austin, TX 11951","512-890-7894","2",,""
"Alexander Watts","997 Thompson Field, Austin, TX 66087","512-824-5291","79",,""
"Karen Barnes","3704 Miller Spur, Austin, TX 51258","512-452-7183","43",,""
"Charles Tucker","4485 Rodriguez Rapid, Austin, TX 78509","512-173-2462","34",,""
"Travis Martin","9556 Yoder Canyon, Austin, TX 25976","512-321-6160","35",,""
"Randy Peterson","3708 Hayes Motorway, Austin, TX 03310","512-290-9929","29",,""
"Anna Morris","8594 Anderson Radial, Austin, TX 32179","512-910-8754","54",,""
"Nicole Peterson","252 Brown Course, Austin, TX 27284","512-988-6128","80",,""
"Anna Acevedo","884 Thomas Throughway, Austin, TX 45705","512-185-2091","77",,""
"Jacob Walker","638 Marvin Club, Austin, TX 50060","512-568-4325","81",,""
"Andrew Harrison","30711 Kelsey Canyon, Austin, TX 05549","512-301-1756","37",,""
"Amber Anthony","852 Kendra Club, Austin, TX 42260","512-147-5730","3",,""
"Amanda Nelson","62127 Ricardo Drive, Austin, TX 69941","512-597-2830","57",,""
"Kenneth Adams","8485 Sims Ports, Austin, TX 89606","512-716-5544","72",,""
"Eric Boyer","655 Meghan Roads, Austin, TX 14444","512-511-5133","61",,""
"Kenneth Salazar","78849 Crawford Vista, Austin, TX 12485","512-797-5623","8",,""
"Karen Flores","59617 Williams Falls, Austin, TX 29056","512-883-1027","8",,""
"Taylor Gonzales","304 Stephanie Union, Austin, TX 79493","512-294-4096","87",,""
"Joseph Massey","915 Jones Road, Austin, TX 55027","512-661-8908","49",,""
"Joe Willis","80666 Allen Lodge, Austin, TX 89387","512-924-7845","85",,""
"James Mueller","113 Adams Land, Austin, TX 48137","512-977-8793","85",,""
"John Lopez","33579 Todd Well, Austin, TX 18767","512-268-7750","27",,""
"Adam Willis","35798 Anderson Parkways, Austin, TX 63903","512-562-1089","50",,""
"Erica Wade","610 Erica Avenue, Austin, TX 42537","512-208-4077","83",,""
"Jason Horn","58234 Smith Lights, Austin, TX 23197","512-994-6409","10",,""
"Justin Edwards","163 Anderson Road, Austin, TX 42785","512-971-6279","77",,""
"Brandon Stevenson","2429 Jordan Points, Austin, TX 34851","512-548-6812","75",,""
"Terrance Brown","10956 Miller Vista, Austin, TX 56574","512-300-4436","11",,""
"Jennifer Scott","01147 Kline Flat, Austin, TX 80909","512-504-4389","71",,""
"Debra Carter","617 Cole Fork, Austin, TX 18615","512-466-6749","21",,""
"Michael Ramirez","1384 Jason Meadow, Austin, TX 61876","512-258-4171","58",,""
"Ashley Armstrong","973 Joseph Garden, Austin, TX 72603","512-476-1857","26",,""
"Danny Smith","0064 Levy Estates, Austin, TX 40303","512-329-5811","13",,""
"Kimberly Sutton","828 Castro Green, Austin, TX 69796","512-770-9770","84",,""
"Gregory Walker","139 Christopher Dale, Austin, TX 47697","512-247-9948","18",,""
"Donna Rodriguez","7174 Cortez Lakes, Austin, TX 03752","512-645-5872","45",,""
"Stephanie Copeland","2748 Daniel Road, Austin, TX 38062","512-302-8326","17",,""
"Carlos Acevedo","40076 Robert Square, Austin, TX 23314","512-310-2238","69",,""
"Nathan Mcpherson","0175 Castaneda Skyway, Austin, TX 51500","512-840-2230","42",,""
"Lori Foster","379 Randall Estates, Austin, TX 32023","512-612-8284","69",,""
"Samantha Larson","01640 Michael Fords, Austin, TX 24770","512-953-2216","5",,""
"Paula Bennett","2010 Steele Burg, Austin, TX 59660","512-993-3529","39",,""
"Amber Reynolds","735 Hawkins Stravenue, Austin, TX 75914","512-906-1316","11",,""
"Martin Zimmerman","143 Danielle Rapids, Austin, TX 98092","512-318-5687","9",,""
"Denise Weaver","4082 Jacqueline Spurs, Austin, TX 68467","512-428-7061","74",,""
